{"cameraMode":{"drawMode":0,"name":"Shaded","section":"Shading Mode"},"sceneLighting":true,"audioPlay":false,"sceneViewState":{"showFog":true,"showMaterialUpdate":false,"showSkybox":true,"showFlares":true,"showImageEffects":true,"showParticleSystems":true},"in2DMode":false,"pivot":{"x":0.5708552598953247,"y":-29.303009033203126,"z":32.560707092285159},"rotation":{"x":-0.4540254473686218,"y":0.011498374864459038,"z":-0.0058705466799438,"w":-0.8909192085266113},"size":121.47325897216797,"orthographic":false}