{"cameraMode":{"drawMode":0,"name":"Shaded","section":"Shading Mode"},"sceneLighting":false,"audioPlay":false,"sceneViewState":{"showFog":true,"showMaterialUpdate":false,"showSkybox":false,"showFlares":true,"showImageEffects":true,"showParticleSystems":true},"in2DMode":false,"pivot":{"x":0.9249521493911743,"y":0.05000000074505806,"z":71.25325775146485},"rotation":{"x":-0.23251548409461976,"y":-0.6185097098350525,"z":0.19867472350597382,"w":-0.7238399982452393},"size":22.943445205688478,"orthographic":false}